SET DB_CLOSE_DELAY -1;        
;             
CREATE USER IF NOT EXISTS "" SALT '' HASH '' ADMIN;           
CREATE SEQUENCE PUBLIC.SYSTEM_SEQUENCE_C7272C36_02FA_4804_B3B6_B4E0C7F9AFD3 START WITH 6 BELONGS_TO_TABLE;    
CREATE SEQUENCE PUBLIC.SYSTEM_SEQUENCE_1017256C_6ADB_4FB4_8784_7E9525DFC3FC START WITH 62 BELONGS_TO_TABLE;   
CREATE SEQUENCE PUBLIC.SYSTEM_SEQUENCE_1BF17FA4_FE80_4DA7_A1A7_71A13A3AE9B8 START WITH 5 BELONGS_TO_TABLE;    
CREATE SEQUENCE PUBLIC.SYSTEM_SEQUENCE_D52092B8_F159_4CB4_B1E1_8961A31FAC5E START WITH 10 BELONGS_TO_TABLE;   
CREATE MEMORY TABLE PUBLIC.ORDERS(
    ID INTEGER DEFAULT (NEXT VALUE FOR PUBLIC.SYSTEM_SEQUENCE_D52092B8_F159_4CB4_B1E1_8961A31FAC5E) NOT NULL NULL_TO_DEFAULT SEQUENCE PUBLIC.SYSTEM_SEQUENCE_D52092B8_F159_4CB4_B1E1_8961A31FAC5E,
    TOTAL_PRICE DOUBLE DEFAULT 0 NOT NULL,
    USER_ID INTEGER NOT NULL
);          
ALTER TABLE PUBLIC.ORDERS ADD CONSTRAINT PUBLIC.CONSTRAINT_8 PRIMARY KEY(ID); 
-- 4 +/- SELECT COUNT(*) FROM PUBLIC.ORDERS;  
INSERT INTO PUBLIC.ORDERS(ID, TOTAL_PRICE, USER_ID) VALUES
(6, 60.0, 3),
(7, 60.0, 4),
(8, 80.0, 3),
(9, 60.0, 5);        
CREATE MEMORY TABLE PUBLIC.ORDERS_PRODUCTS(
    ID INTEGER DEFAULT (NEXT VALUE FOR PUBLIC.SYSTEM_SEQUENCE_1017256C_6ADB_4FB4_8784_7E9525DFC3FC) NOT NULL NULL_TO_DEFAULT SEQUENCE PUBLIC.SYSTEM_SEQUENCE_1017256C_6ADB_4FB4_8784_7E9525DFC3FC,
    ORDER_ID INTEGER,
    PRODUCT_ID INTEGER
);            
ALTER TABLE PUBLIC.ORDERS_PRODUCTS ADD CONSTRAINT PUBLIC.CONSTRAINT_5 PRIMARY KEY(ID);        
-- 9 +/- SELECT COUNT(*) FROM PUBLIC.ORDERS_PRODUCTS;         
INSERT INTO PUBLIC.ORDERS_PRODUCTS(ID, ORDER_ID, PRODUCT_ID) VALUES
(53, 6, 3),
(54, 6, 3),
(55, 7, 3),
(56, 7, 3),
(57, 6, 3),
(58, 6, 3),
(59, 6, 2),
(60, 9, 2),
(61, 9, 4);      
CREATE MEMORY TABLE PUBLIC.PRODUCTS(
    ID INTEGER DEFAULT (NEXT VALUE FOR PUBLIC.SYSTEM_SEQUENCE_1BF17FA4_FE80_4DA7_A1A7_71A13A3AE9B8) NOT NULL NULL_TO_DEFAULT SEQUENCE PUBLIC.SYSTEM_SEQUENCE_1BF17FA4_FE80_4DA7_A1A7_71A13A3AE9B8,
    TITLE VARCHAR(25) NOT NULL,
    PRICE DOUBLE DEFAULT 0 NOT NULL
);            
ALTER TABLE PUBLIC.PRODUCTS ADD CONSTRAINT PUBLIC.CONSTRAINT_F PRIMARY KEY(ID);               
-- 4 +/- SELECT COUNT(*) FROM PUBLIC.PRODUCTS;
INSERT INTO PUBLIC.PRODUCTS(ID, TITLE, PRICE) VALUES
(1, 'Product1', 10.0),
(2, 'Product2', 20.0),
(3, 'Product3', 30.0),
(4, 'Product4', 40.0);          
CREATE MEMORY TABLE PUBLIC.USERS(
    ID INTEGER DEFAULT (NEXT VALUE FOR PUBLIC.SYSTEM_SEQUENCE_C7272C36_02FA_4804_B3B6_B4E0C7F9AFD3) NOT NULL NULL_TO_DEFAULT SEQUENCE PUBLIC.SYSTEM_SEQUENCE_C7272C36_02FA_4804_B3B6_B4E0C7F9AFD3,
    LOGIN VARCHAR(25) NOT NULL,
    PASSWORD VARCHAR(2147483647)
);  
ALTER TABLE PUBLIC.USERS ADD CONSTRAINT PUBLIC.CONSTRAINT_4 PRIMARY KEY(ID);  
-- 3 +/- SELECT COUNT(*) FROM PUBLIC.USERS;   
INSERT INTO PUBLIC.USERS(ID, LOGIN, PASSWORD) VALUES
(3, 'user1', NULL),
(4, '', NULL),
(5, 'user3', NULL);
